-- Seed Data for Operations Monitoring System
-- Generated from Ops_Production_Log.xlsx and Ops_Shipping_Log.xlsx
-- This file inserts data into the schema defined in schema.sql

BEGIN;

-- ==================================================
-- 1. DATA SOURCE METADATA
-- ==================================================
INSERT INTO data_source_metadatas (source_name, source_location, file_format, last_updated_timestamp, refresh_status) VALUES
    ('Production Logs', '/data/ops/Ops_Production_Log.xlsx', 'xlsx', CURRENT_TIMESTAMP, 'Healthy'),
    ('Shipping Logs', '/data/ops/Ops_Shipping_Log.xlsx', 'xlsx', CURRENT_TIMESTAMP, 'Healthy');

-- ==================================================
-- 2. LOTS (Conformed Dimension)
-- ==================================================
INSERT INTO lots (id, lot_code, production_date, is_pending_inspection, has_data_integrity_issue, has_date_conflict) VALUES
    (1, 'LOT-20251215-001', '2025-12-15', TRUE, FALSE, FALSE),
    (2, 'LOT-20251215-002', '2025-12-15', TRUE, FALSE, FALSE),
    (3, 'LOT_20251215-001', '2025-12-15', TRUE, FALSE, FALSE),
    (4, 'LOT-20251216-001', '2025-12-16', TRUE, FALSE, FALSE),
    (5, 'LOT-20251216-002', '2025-12-16', TRUE, FALSE, FALSE),
    (6, 'LOT-20251216-003', '2025-12-16', TRUE, FALSE, FALSE),
    (7, 'LOT20251216001', '2025-12-16', TRUE, FALSE, FALSE),
    (8, 'LOT_20251216-002', '2025-12-16', TRUE, FALSE, FALSE),
    (9, 'LOT-20251217-001', '2025-12-17', TRUE, FALSE, FALSE),
    (10, 'LOT-20251217-002', '2025-12-17', TRUE, FALSE, FALSE),
    (11, 'LOT-20251217-003', '2025-12-17', TRUE, FALSE, FALSE),
    (12, 'LOT-20251218-001', '2025-12-18', TRUE, FALSE, FALSE),
    (13, 'LOT-20251218-002', '2025-12-18', TRUE, FALSE, FALSE),
    (14, 'LOT-20251218-003', '2025-12-18', TRUE, FALSE, FALSE),
    (15, 'LOT20251218003', '2025-12-18', TRUE, FALSE, FALSE),
    (16, 'LOT_20251218-002', '2025-12-18', TRUE, FALSE, FALSE),
    (17, 'LOT-20251219-001', '2025-12-19', TRUE, FALSE, FALSE),
    (18, 'LOT-20251219-002', '2025-12-19', TRUE, FALSE, FALSE),
    (19, 'LOT-20251219-003', '2025-12-19', TRUE, FALSE, FALSE),
    (20, 'LOT_20251219-001', '2025-12-19', TRUE, FALSE, FALSE),
    (21, 'LOT-20251220-001', '2025-12-20', TRUE, FALSE, FALSE),
    (22, 'LOT-20251220-002', '2025-12-20', TRUE, FALSE, FALSE),
    (23, 'LOT-20251220-003', '2025-12-20', TRUE, FALSE, FALSE),
    (24, 'LOT_20251220-001', '2025-12-20', TRUE, FALSE, FALSE),
    (25, 'LOT-20251221-001', '2025-12-21', TRUE, FALSE, FALSE),
    (26, 'LOT-20251221-002', '2025-12-21', TRUE, FALSE, FALSE),
    (27, 'LOT-20251221-003', '2025-12-21', TRUE, FALSE, FALSE),
    (28, 'LOT_20251221-002', '2025-12-21', TRUE, FALSE, FALSE),
    (29, 'LOT-20251222-001', '2025-12-22', TRUE, FALSE, FALSE),
    (30, 'LOT_20251222-001', '2025-12-22', TRUE, FALSE, FALSE),
    (31, 'LOT20251223001', '2025-12-23', TRUE, FALSE, FALSE),
    (32, 'LOT-20251224-001', '2025-12-24', TRUE, FALSE, FALSE),
    (33, 'LOT20251225001', '2025-12-25', TRUE, FALSE, FALSE),
    (34, 'LOT_20251225-001', '2025-12-25', TRUE, FALSE, FALSE),
    (35, 'LOT-20251226-001', '2025-12-26', TRUE, FALSE, FALSE),
    (36, 'LOT-20251226-002', '2025-12-26', TRUE, FALSE, FALSE),
    (37, 'LOT-20251226-003', '2025-12-26', TRUE, FALSE, FALSE),
    (38, 'LOT-20251227-001', '2025-12-27', TRUE, FALSE, FALSE),
    (39, 'LOT-20251227-002', '2025-12-27', TRUE, FALSE, FALSE),
    (40, 'LOT20251227002', '2025-12-27', TRUE, FALSE, FALSE),
    (41, 'LOT-20251228-001', '2025-12-28', TRUE, FALSE, FALSE),
    (42, 'LOT-20251229-001', '2025-12-29', TRUE, FALSE, FALSE),
    (43, 'LOT-20251230-001', '2025-12-30', TRUE, FALSE, FALSE),
    (44, 'LOT-20251230-002', '2025-12-30', TRUE, FALSE, FALSE),
    (45, 'LOT-20251230-003', '2025-12-30', TRUE, FALSE, FALSE),
    (46, 'LOT-20251231-001', '2025-12-31', TRUE, FALSE, FALSE),
    (47, 'LOT-20251231-002', '2025-12-31', TRUE, FALSE, FALSE),
    (48, 'LOT20251231002', '2025-12-31', TRUE, FALSE, FALSE),
    (49, 'LOT20260101001', '2026-01-01', TRUE, FALSE, FALSE),
    (50, 'LOT_20260101-001', '2026-01-01', TRUE, FALSE, FALSE),
    (51, 'LOT-20260102-001', '2026-01-02', TRUE, FALSE, FALSE),
    (52, 'LOT_20260102-001', '2026-01-02', TRUE, FALSE, FALSE),
    (53, 'LOT-20260103-001', '2026-01-03', TRUE, FALSE, FALSE),
    (54, 'LOT-20260103-002', '2026-01-03', TRUE, FALSE, FALSE),
    (55, 'LOT-20260103-003', '2026-01-03', TRUE, FALSE, FALSE),
    (56, 'LOT-20260104-002', '2026-01-04', TRUE, FALSE, FALSE),
    (57, 'LOT-20260104-003', '2026-01-04', TRUE, FALSE, FALSE),
    (58, 'LOT20260104002', '2026-01-04', TRUE, FALSE, FALSE),
    (59, 'LOT_20260104-001', '2026-01-04', TRUE, FALSE, FALSE),
    (60, 'LOT-20260105-001', '2026-01-05', TRUE, FALSE, FALSE),
    (61, 'LOT-20260105-002', '2026-01-05', TRUE, FALSE, FALSE),
    (62, 'LOT-20260105-003', '2026-01-05', TRUE, FALSE, FALSE),
    (63, 'LOT-20260106-001', '2026-01-06', TRUE, FALSE, FALSE),
    (64, 'LOT20260106001', '2026-01-06', TRUE, FALSE, FALSE),
    (65, 'LOT-20260107-001', '2026-01-07', TRUE, FALSE, FALSE),
    (66, 'LOT-20260107-002', '2026-01-07', TRUE, FALSE, FALSE),
    (67, 'LOT-20260108-001', '2026-01-08', TRUE, FALSE, FALSE),
    (68, 'LOT_20260108-002', '2026-01-08', TRUE, FALSE, FALSE),
    (69, 'LOT-20260109-001', '2026-01-09', TRUE, FALSE, FALSE),
    (70, 'LOT-20260110-001', '2026-01-10', TRUE, FALSE, FALSE),
    (71, 'LOT-20260110-003', '2026-01-10', TRUE, FALSE, FALSE),
    (72, 'LOT20260110002', '2026-01-10', TRUE, FALSE, FALSE),
    (73, 'LOT20260110003', '2026-01-10', TRUE, FALSE, FALSE),
    (74, 'LOT_20260110-001', '2026-01-10', TRUE, FALSE, FALSE),
    (75, 'LOT-20260111-001', '2026-01-11', TRUE, FALSE, FALSE),
    (76, 'LOT20260111001', '2026-01-11', TRUE, FALSE, FALSE),
    (77, 'LOT20260111002', '2026-01-11', TRUE, FALSE, FALSE),
    (78, 'LOT_20260111-001', '2026-01-11', TRUE, FALSE, FALSE),
    (79, 'LOT-20260112-001', '2026-01-12', TRUE, FALSE, FALSE),
    (80, 'LOT-20260112-002', '2026-01-12', TRUE, FALSE, FALSE),
    (81, 'LOT-20260113-001', '2026-01-13', TRUE, FALSE, FALSE),
    (82, 'LOT-20260113-002', '2026-01-13', TRUE, FALSE, FALSE),
    (83, 'LOT20260113002', '2026-01-13', TRUE, FALSE, FALSE),
    (84, 'LOT_20260113-003', '2026-01-13', TRUE, FALSE, FALSE),
    (85, 'LOT-20260114-001', '2026-01-14', TRUE, FALSE, FALSE),
    (86, 'LOT-20260114-002', '2026-01-14', TRUE, FALSE, FALSE),
    (87, 'LOT-20260115-001', '2026-01-15', TRUE, FALSE, FALSE),
    (88, 'LOT-20260116-001', '2026-01-16', TRUE, FALSE, FALSE),
    (89, 'LOT-20260116-002', '2026-01-16', TRUE, FALSE, FALSE),
    (90, 'LOT-20260116-003', '2026-01-16', TRUE, FALSE, FALSE),
    (91, 'LOT20260116002', '2026-01-16', TRUE, FALSE, FALSE),
    (92, 'LOT-20260117-001', '2026-01-17', TRUE, FALSE, FALSE),
    (93, 'LOT-20260118-001', '2026-01-18', TRUE, FALSE, FALSE),
    (94, 'LOT-20260118-002', '2026-01-18', TRUE, FALSE, FALSE),
    (95, 'LOT-20260118-003', '2026-01-18', TRUE, FALSE, FALSE),
    (96, 'LOT20260118002', '2026-01-18', TRUE, FALSE, FALSE),
    (97, 'LOT20260118003', '2026-01-18', TRUE, FALSE, FALSE),
    (98, 'LOT-20260119-001', '2026-01-19', TRUE, FALSE, FALSE),
    (99, 'LOT-20260119-002', '2026-01-19', TRUE, FALSE, FALSE),
    (100, 'LOT-20260120-001', '2026-01-20', TRUE, FALSE, FALSE),
    (101, 'LOT20260120001', '2026-01-20', TRUE, FALSE, FALSE),
    (102, 'LOT-20260121-001', '2026-01-21', TRUE, FALSE, FALSE),
    (103, 'LOT-20260121-002', '2026-01-21', TRUE, FALSE, FALSE),
    (104, 'LOT20260121002', '2026-01-21', TRUE, FALSE, FALSE),
    (105, 'LOT-20260122-002', '2026-01-22', TRUE, FALSE, FALSE),
    (106, 'LOT-20260122-003', '2026-01-22', TRUE, FALSE, FALSE),
    (107, 'LOT20260122003', '2026-01-22', TRUE, FALSE, FALSE),
    (108, 'LOT_20260122-001', '2026-01-22', TRUE, FALSE, FALSE),
    (109, 'LOT-20260123-001', '2026-01-23', TRUE, FALSE, FALSE),
    (110, 'LOT_20260123-001', '2026-01-23', TRUE, FALSE, FALSE),
    (111, 'LOT-20260124-001', '2026-01-24', TRUE, FALSE, FALSE),
    (112, 'LOT-20260124-003', '2026-01-24', TRUE, FALSE, FALSE),
    (113, 'LOT_20260124-002', '2026-01-24', TRUE, FALSE, FALSE);

-- ==================================================
-- 3. PRODUCTION RECORDS
-- ==================================================
INSERT INTO production_records (lot_id, production_line_id, shift, units_planned, units_actual, downtime_minutes, has_line_issue, source_updated_timestamp) VALUES
    ('26', 'Line 3', 'Swing', 250, 221, 0, FALSE, CURRENT_TIMESTAMP),
    ('32', 'Line 3', 'Night', 400, 363, 4, FALSE, CURRENT_TIMESTAMP),
    ('94', 'Line 1', 'Day', 250, 233, 15, FALSE, CURRENT_TIMESTAMP),
    ('79', 'Line 1', 'Swing', 400, 382, 44, TRUE, CURRENT_TIMESTAMP),
    ('51', 'Line 4', 'Day', 200, 192, 16, FALSE, CURRENT_TIMESTAMP),
    ('22', 'Line 4', 'Swing', 300, 292, 0, FALSE, CURRENT_TIMESTAMP),
    ('84', 'Line 1', 'Day', 250, 238, 0, TRUE, CURRENT_TIMESTAMP),
    ('57', 'Line 4', 'Day', 400, 379, 13, TRUE, CURRENT_TIMESTAMP),
    ('87', 'Line 1', 'Night', 200, 198, 48, TRUE, CURRENT_TIMESTAMP),
    ('82', 'Line 3', 'Day', 400, 399, 6, FALSE, CURRENT_TIMESTAMP),
    ('19', 'Line 1', 'Swing', 500, 487, 13, TRUE, CURRENT_TIMESTAMP),
    ('30', 'Line 4', 'Night', 400, 360, 22, TRUE, CURRENT_TIMESTAMP),
    ('104', 'Line 1', 'Night', 200, 175, 69, TRUE, CURRENT_TIMESTAMP),
    ('18', 'Line 1', 'Night', 400, 361, 28, TRUE, CURRENT_TIMESTAMP),
    ('50', 'Line 2', 'Day', 300, 261, 9, FALSE, CURRENT_TIMESTAMP),
    ('86', 'Line 2', 'Night', 200, 170, 22, FALSE, CURRENT_TIMESTAMP),
    ('17', 'Line 2', 'Swing', 200, 185, 0, TRUE, CURRENT_TIMESTAMP),
    ('38', 'Line 1', 'Night', 500, 449, 0, TRUE, CURRENT_TIMESTAMP),
    ('7', 'Line 2', 'Night', 250, 222, 0, FALSE, CURRENT_TIMESTAMP),
    ('25', 'Line 4', 'Day', 500, 464, 15, FALSE, CURRENT_TIMESTAMP),
    ('69', 'Line 1', 'Swing', 300, 253, 30, TRUE, CURRENT_TIMESTAMP),
    ('9', 'Line 1', 'Night', 250, 245, 0, FALSE, CURRENT_TIMESTAMP),
    ('37', 'Line 1', 'Night', 200, 188, 32, TRUE, CURRENT_TIMESTAMP),
    ('82', 'Line 3', 'Day', 400, 399, 6, FALSE, CURRENT_TIMESTAMP),
    ('42', 'Line 3', 'Day', 400, 369, 14, FALSE, CURRENT_TIMESTAMP),
    ('108', 'Line 4', 'Swing', 200, 183, 0, TRUE, CURRENT_TIMESTAMP),
    ('45', 'Line 2', 'Day', 500, 461, 0, FALSE, CURRENT_TIMESTAMP),
    ('106', 'Line 1', 'Day', 500, 412, 0, TRUE, CURRENT_TIMESTAMP),
    ('13', 'Line 4', 'Night', 250, 223, 26, TRUE, CURRENT_TIMESTAMP),
    ('66', 'Line 1', 'Swing', 200, 201, 23, FALSE, CURRENT_TIMESTAMP),
    ('72', 'Line 1', 'Swing', 250, 240, 0, TRUE, CURRENT_TIMESTAMP),
    ('31', 'Line 1', 'Day', 400, 363, 32, TRUE, CURRENT_TIMESTAMP),
    ('44', 'Line 2', 'Night', 500, 483, 0, FALSE, CURRENT_TIMESTAMP),
    ('59', 'Line 1', 'Swing', 400, 345, 61, TRUE, CURRENT_TIMESTAMP),
    ('108', 'Line 4', 'Swing', 200, 183, 0, TRUE, CURRENT_TIMESTAMP),
    ('55', 'Line 3', 'Day', 400, 357, 0, FALSE, CURRENT_TIMESTAMP),
    ('61', 'Line 2', 'Swing', 250, 230, 20, TRUE, CURRENT_TIMESTAMP),
    ('67', 'Line 2', 'Night', 400, 375, 12, FALSE, CURRENT_TIMESTAMP),
    ('15', 'Line 4', 'Swing', 500, 446, 20, FALSE, CURRENT_TIMESTAMP),
    ('68', 'Line 2', 'Swing', 400, 411, 5, FALSE, CURRENT_TIMESTAMP),
    ('100', 'Line 2', 'Swing', 400, 388, 21, FALSE, CURRENT_TIMESTAMP),
    ('40', 'Line 2', 'Night', 250, 237, 7, FALSE, CURRENT_TIMESTAMP),
    ('41', 'Line 3', 'Swing', 200, 183, 47, TRUE, CURRENT_TIMESTAMP),
    ('43', 'Line 4', 'Day', 400, 387, 0, FALSE, CURRENT_TIMESTAMP),
    ('23', 'Line 3', 'Day', 250, 247, 0, TRUE, CURRENT_TIMESTAMP),
    ('92', 'Line 4', 'Night', 500, 487, 0, TRUE, CURRENT_TIMESTAMP),
    ('2', 'Line 2', 'Day', 200, 200, 22, FALSE, CURRENT_TIMESTAMP),
    ('93', 'Line 4', 'Night', 250, 207, 21, TRUE, CURRENT_TIMESTAMP),
    ('105', 'Line 2', 'Swing', 500, 462, 30, TRUE, CURRENT_TIMESTAMP),
    ('5', 'Line 3', 'Night', 500, 493, 46, TRUE, CURRENT_TIMESTAMP),
    ('47', 'Line 1', 'Day', 300, 300, 53, TRUE, CURRENT_TIMESTAMP),
    ('111', 'Line 4', 'Swing', 500, 414, 0, TRUE, CURRENT_TIMESTAMP),
    ('112', 'Line 4', 'Swing', 300, 298, 75, TRUE, CURRENT_TIMESTAMP),
    ('62', 'Line 4', 'Day', 200, 187, 0, FALSE, CURRENT_TIMESTAMP),
    ('6', 'Line 2', 'Day', 400, 350, 37, TRUE, CURRENT_TIMESTAMP),
    ('53', 'Line 2', 'Swing', 500, 434, 47, TRUE, CURRENT_TIMESTAMP),
    ('98', 'Line 3', 'Day', 500, 474, 20, TRUE, CURRENT_TIMESTAMP),
    ('13', 'Line 4', 'Night', 250, 223, 26, TRUE, CURRENT_TIMESTAMP),
    ('88', 'Line 1', 'Night', 250, 232, 26, TRUE, CURRENT_TIMESTAMP),
    ('46', 'Line 4', 'Night', 250, 239, 22, FALSE, CURRENT_TIMESTAMP),
    ('98', 'Line 3', 'Day', 500, 474, 20, TRUE, CURRENT_TIMESTAMP),
    ('80', 'Line 4', 'Day', 200, 169, 24, TRUE, CURRENT_TIMESTAMP),
    ('102', 'Line 1', 'Night', 500, 475, 42, TRUE, CURRENT_TIMESTAMP),
    ('70', 'Line 1', 'Night', 500, 486, 19, FALSE, CURRENT_TIMESTAMP),
    ('110', 'Line 1', 'Swing', 400, 365, 21, FALSE, CURRENT_TIMESTAMP),
    ('35', 'Line 3', 'Night', 300, 277, 30, TRUE, CURRENT_TIMESTAMP),
    ('78', 'Line 4', 'Day', 250, 235, 0, TRUE, CURRENT_TIMESTAMP),
    ('85', 'Line 1', 'Night', 250, 224, 29, TRUE, CURRENT_TIMESTAMP),
    ('99', 'Line 4', 'Day', 400, 405, 0, TRUE, CURRENT_TIMESTAMP),
    ('81', 'Line 2', 'Night', 250, 227, 35, TRUE, CURRENT_TIMESTAMP),
    ('27', 'Line 4', 'Swing', 250, 217, 0, FALSE, CURRENT_TIMESTAMP),
    ('10', 'Line 1', 'Night', 300, 264, 64, TRUE, CURRENT_TIMESTAMP),
    ('73', 'Line 4', 'Day', 200, 179, 0, FALSE, CURRENT_TIMESTAMP),
    ('3', 'Line 1', 'Night', 300, 275, 0, TRUE, CURRENT_TIMESTAMP),
    ('60', 'Line 4', 'Day', 250, 208, 23, TRUE, CURRENT_TIMESTAMP),
    ('11', 'Line 2', 'Swing', 250, 228, 39, TRUE, CURRENT_TIMESTAMP),
    ('65', 'Line 4', 'Swing', 200, 174, 33, TRUE, CURRENT_TIMESTAMP),
    ('46', 'Line 4', 'Night', 250, 239, 22, FALSE, CURRENT_TIMESTAMP),
    ('54', 'Line 4', 'Night', 500, 467, 30, TRUE, CURRENT_TIMESTAMP),
    ('12', 'Line 1', 'Day', 300, 279, 31, TRUE, CURRENT_TIMESTAMP),
    ('56', 'Line 3', 'Swing', 250, 238, 13, FALSE, CURRENT_TIMESTAMP),
    ('97', 'Line 1', 'Day', 500, 462, 42, TRUE, CURRENT_TIMESTAMP),
    ('86', 'Line 2', 'Night', 200, 170, 22, FALSE, CURRENT_TIMESTAMP),
    ('21', 'Line 4', 'Day', 200, 190, 0, FALSE, CURRENT_TIMESTAMP),
    ('77', 'Line 4', 'Swing', 500, 469, 34, TRUE, CURRENT_TIMESTAMP),
    ('33', 'Line 4', 'Day', 200, 187, 36, TRUE, CURRENT_TIMESTAMP),
    ('113', 'Line 1', 'Swing', 300, 261, 71, TRUE, CURRENT_TIMESTAMP),
    ('89', 'Line 4', 'Night', 250, 224, 35, TRUE, CURRENT_TIMESTAMP),
    ('36', 'Line 1', 'Night', 250, 226, 30, TRUE, CURRENT_TIMESTAMP),
    ('90', 'Line 3', 'Day', 200, 210, 27, TRUE, CURRENT_TIMESTAMP),
    ('64', 'Line 1', 'Day', 200, 166, 61, TRUE, CURRENT_TIMESTAMP);

-- ==================================================
-- 4. SHIPPING RECORDS
-- ==================================================
INSERT INTO shipping_records (lot_id, ship_date, destination_state, carrier, qty_shipped, shipment_status, source_updated_timestamp) VALUES
    (19, '2025-12-20', 'IA', 'UPS Freight', 80, 'Shipped', CURRENT_TIMESTAMP),
    (79, '2026-01-29', 'MI', 'XPO', 61, 'Shipped', CURRENT_TIMESTAMP),
    (6, '2025-12-26', 'OH', 'UPS Freight', 150, 'Shipped', CURRENT_TIMESTAMP),
    (37, '2026-01-05', 'IN', 'XPO', 120, 'Shipped', CURRENT_TIMESTAMP),
    (76, '2026-01-28', 'OH', 'UPS Freight', 97, 'Partial', CURRENT_TIMESTAMP),
    (63, '2026-01-23', 'IA', 'XPO', 100, 'Shipped', CURRENT_TIMESTAMP),
    (29, '2025-12-25', 'IN', 'nan', 120, 'Shipped', CURRENT_TIMESTAMP),
    (103, '2026-01-25', 'IN', 'XPO', 37, 'On Hold', CURRENT_TIMESTAMP),
    (109, '2026-02-05', 'IL', 'UPS Freight', 120, 'On Hold', CURRENT_TIMESTAMP),
    (93, '2026-01-21', 'IL', 'Local Truck', 120, 'Shipped', CURRENT_TIMESTAMP),
    (46, '2026-01-05', 'IA', 'XPO', 30, 'Shipped', CURRENT_TIMESTAMP),
    (53, '2026-01-17', 'IN', 'Local Truck', 120, 'Shipped', CURRENT_TIMESTAMP),
    (46, '2026-01-17', 'MI', 'Old Dominion', 22, 'Partial', CURRENT_TIMESTAMP),
    (42, '2026-01-14', 'IA', 'XPO', 200, 'Shipped', CURRENT_TIMESTAMP),
    (22, '2026-01-09', 'OH', 'FedEx Freight', 66, 'On Hold', CURRENT_TIMESTAMP),
    (46, '2026-01-17', 'MI', 'Old Dominion', 22, 'Partial', CURRENT_TIMESTAMP),
    (9, '2025-12-18', 'MI', 'XPO', 120, 'On Hold', CURRENT_TIMESTAMP),
    (58, '2026-01-11', 'MI', 'XPO', 120, 'Shipped', CURRENT_TIMESTAMP),
    (2, '2025-12-29', 'OH', 'Local Truck', 100, 'Shipped', CURRENT_TIMESTAMP),
    (101, '2026-02-01', 'IN', 'UPS Freight', 0, 'Backordered', CURRENT_TIMESTAMP),
    (70, '2026-01-22', 'IN', 'UPS Freight', 60, 'Shipped', CURRENT_TIMESTAMP),
    (39, '2025-12-28', 'WI', 'UPS Freight', 150, 'On Hold', CURRENT_TIMESTAMP),
    (91, '2026-01-28', 'IA', 'FedEx Freight', 100, 'Shipped', CURRENT_TIMESTAMP),
    (44, '2026-01-08', 'OH', 'UPS Freight', 0, 'Backordered', CURRENT_TIMESTAMP),
    (16, '2026-01-01', 'IL', 'Old Dominion', 80, 'Shipped', CURRENT_TIMESTAMP),
    (24, '2026-01-04', 'IL', 'UPS Freight', 60, 'Shipped', CURRENT_TIMESTAMP),
    (95, '2026-01-26', 'IA', 'Local Truck', 120, 'Shipped', CURRENT_TIMESTAMP),
    (62, '2026-01-23', 'OH', 'Old Dominion', 100, 'On Hold', CURRENT_TIMESTAMP),
    (74, '2026-01-25', 'WI', 'FedEx Freight', 41, 'Shipped', CURRENT_TIMESTAMP),
    (90, '2026-01-28', 'OH', 'FedEx Freight', 80, 'Shipped', CURRENT_TIMESTAMP),
    (12, '2025-12-19', 'IN', 'FedEx Freight', 80, 'Partial', CURRENT_TIMESTAMP),
    (67, '2026-01-29', 'WI', 'Old Dominion', 80, 'Shipped', CURRENT_TIMESTAMP),
    (32, '2026-01-14', 'IL', 'nan', 200, 'Shipped', CURRENT_TIMESTAMP),
    (1, '2025-12-22', 'MI', 'nan', 200, 'Shipped', CURRENT_TIMESTAMP),
    (81, '2026-01-29', 'IN', 'Old Dominion', 150, 'Shipped', CURRENT_TIMESTAMP),
    (41, '2026-01-09', 'IA', 'FedEx Freight', 120, 'Partial', CURRENT_TIMESTAMP),
    (20, '2026-01-04', 'IN', 'Old Dominion', 120, 'Shipped', CURRENT_TIMESTAMP),
    (85, '2026-01-30', 'IN', 'Old Dominion', 0, 'Backordered', CURRENT_TIMESTAMP),
    (50, '2026-01-21', 'OH', 'XPO', 92, 'On Hold', CURRENT_TIMESTAMP),
    (22, '2026-01-08', 'IA', 'FedEx Freight', 45, 'Partial', CURRENT_TIMESTAMP),
    (11, '2025-12-30', 'IN', 'FedEx Freight', 100, 'Partial', CURRENT_TIMESTAMP),
    (79, '2026-02-02', 'IA', 'XPO', 60, 'Partial', CURRENT_TIMESTAMP),
    (8, '2025-12-22', 'IA', 'FedEx Freight', 200, 'On Hold', CURRENT_TIMESTAMP),
    (107, '2026-02-12', 'WI', 'Local Truck', 100, 'Shipped', CURRENT_TIMESTAMP),
    (35, '2026-01-08', 'OH', 'FedEx Freight', 120, 'Shipped', CURRENT_TIMESTAMP),
    (90, '2026-01-28', 'OH', 'FedEx Freight', 80, 'Shipped', CURRENT_TIMESTAMP),
    (23, '2025-12-21', 'IN', 'nan', 120, 'Shipped', CURRENT_TIMESTAMP),
    (14, '2026-01-02', 'OH', 'Old Dominion', 26, 'Shipped', CURRENT_TIMESTAMP),
    (99, '2026-02-06', 'IL', 'UPS Freight', 80, 'Shipped', CURRENT_TIMESTAMP),
    (52, '2026-01-09', 'IA', 'XPO', 80, 'On Hold', CURRENT_TIMESTAMP),
    (104, '2026-02-10', 'IN', 'Old Dominion', 75, 'Shipped', CURRENT_TIMESTAMP),
    (63, '2026-01-11', 'WI', 'nan', 27, 'Shipped', CURRENT_TIMESTAMP),
    (15, '2026-01-03', 'IN', 'UPS Freight', 21, 'On Hold', CURRENT_TIMESTAMP),
    (96, '2026-02-04', 'IL', 'Local Truck', 80, 'Shipped', CURRENT_TIMESTAMP),
    (46, '2026-01-05', 'IA', 'XPO', 30, 'Shipped', CURRENT_TIMESTAMP),
    (85, '2026-01-28', 'IA', 'Local Truck', 50, 'Partial', CURRENT_TIMESTAMP),
    (48, '2026-01-03', 'MI', 'UPS Freight', 0, 'Backordered', CURRENT_TIMESTAMP),
    (14, '2026-01-02', 'OH', 'Old Dominion', 26, 'Shipped', CURRENT_TIMESTAMP),
    (57, '2026-01-25', 'WI', 'FedEx Freight', 80, 'Shipped', CURRENT_TIMESTAMP),
    (87, '2026-01-25', 'IN', 'Local Truck', 80, 'Partial', CURRENT_TIMESTAMP),
    (35, '2026-01-08', 'OH', 'FedEx Freight', 120, 'Shipped', CURRENT_TIMESTAMP),
    (34, '2026-01-06', 'IL', 'UPS Freight', 80, 'Shipped', CURRENT_TIMESTAMP),
    (38, '2026-01-15', 'WI', 'Old Dominion', 200, 'Shipped', CURRENT_TIMESTAMP),
    (28, '2026-01-06', 'IA', 'XPO', 120, 'Shipped', CURRENT_TIMESTAMP),
    (25, '2025-12-22', 'MI', 'Local Truck', 80, 'Shipped', CURRENT_TIMESTAMP),
    (105, '2026-02-05', 'WI', 'XPO', 150, 'Shipped', CURRENT_TIMESTAMP),
    (60, '2026-01-18', 'IL', 'Old Dominion', 150, 'Shipped', CURRENT_TIMESTAMP),
    (112, '2026-02-12', 'OH', 'UPS Freight', 100, 'Shipped', CURRENT_TIMESTAMP),
    (71, '2026-01-14', 'IA', 'FedEx Freight', 120, 'Shipped', CURRENT_TIMESTAMP),
    (69, '2026-01-24', 'IA', 'FedEx Freight', 80, 'Shipped', CURRENT_TIMESTAMP),
    (75, '2026-02-01', 'IN', 'FedEx Freight', 88, 'Shipped', CURRENT_TIMESTAMP),
    (21, '2026-01-06', 'IL', 'nan', 58, 'Partial', CURRENT_TIMESTAMP),
    (49, '2026-01-15', 'OH', 'UPS Freight', 104, 'Partial', CURRENT_TIMESTAMP),
    (83, '2026-02-02', 'OH', 'XPO', 150, 'Shipped', CURRENT_TIMESTAMP),
    (20, '2026-01-04', 'IN', 'Old Dominion', 120, 'Shipped', CURRENT_TIMESTAMP),
    (4, '2026-01-03', 'MI', 'FedEx Freight', 100, 'Partial', CURRENT_TIMESTAMP),
    (39, '2025-12-28', 'WI', 'UPS Freight', 150, 'On Hold', CURRENT_TIMESTAMP);

-- ==================================================
-- 5. UPDATE SEQUENCES
-- ==================================================
SELECT setval('lots_id_seq', 113, true);

COMMIT;

-- End of seed data